<?xml version="1.0" encoding="UTF-8" standalone="no"?>
<catalog xmlns="urn:oasis:names:tc:entity:xmlns:xml:catalog" prefer="system">
    <system systemId="http://localhost:9090/Project3Task1Server/serverblock?WSDL" uri="wsdl/localhost_9090/Project3Task1Server/serverblock.wsdl"/>
    <system systemId="http://localhost:9090/Project3Task1Server/serverblock?xsd=1" uri="wsdl/localhost_9090/Project3Task1Server/serverblock.xsd_1.xsd"/>
    <system systemId="http://localhost:9090/Project3Task1Server/Blocktest?WSDL" uri="wsdl/localhost_9090/Project3Task1Server/Blocktest.wsdl"/>
    <system systemId="http://localhost:9090/Project3Task1Server/Blocktest?xsd=1" uri="wsdl/localhost_9090/Project3Task1Server/Blocktest.xsd_1.xsd"/>
    <system systemId="http://localhost:9090/Project3Task1Server/BlockChain?WSDL" uri="wsdl/localhost_9090/Project3Task1Server/BlockChain.wsdl"/>
    <system systemId="http://localhost:9090/Project3Task1Server/BlockChain?xsd=1" uri="wsdl/localhost_9090/Project3Task1Server/BlockChain.xsd_1.xsd"/>
    <system systemId="http://localhost:9090/Project3Task2Server/BlockChain?WSDL" uri="wsdl/localhost_9090/Project3Task2Server/BlockChain.wsdl"/>
    <system systemId="http://localhost:9090/Project3Task2Server/BlockChain?xsd=1" uri="wsdl/localhost_9090/Project3Task2Server/BlockChain.xsd_1.xsd"/>
</catalog>