<?xml version='1.0' encoding='UTF-8'?><!-- Published by JAX-WS RI (http://jax-ws.java.net). RI's version is Metro/2.3.1-b419 (branches/2.3.1.x-7937; 2014-08-04T08:11:03+0000) JAXWS-RI/2.2.10-b140803.1500 JAXWS-API/2.2.11 JAXB-RI/2.2.10-b140802.1033 JAXB-API/2.2.12-b140109.1041 svn-revision#unknown. --><!-- Generated by JAX-WS RI (http://jax-ws.java.net). RI's version is Metro/2.3.1-b419 (branches/2.3.1.x-7937; 2014-08-04T08:11:03+0000) JAXWS-RI/2.2.10-b140803.1500 JAXWS-API/2.2.11 JAXB-RI/2.2.10-b140802.1033 JAXB-API/2.2.12-b140109.1041 svn-revision#unknown. --><definitions xmlns:wsu="http://docs.oasis-open.org/wss/2004/01/oasis-200401-wss-wssecurity-utility-1.0.xsd" xmlns:wsp="http://www.w3.org/ns/ws-policy" xmlns:wsp1_2="http://schemas.xmlsoap.org/ws/2004/09/policy" xmlns:wsam="http://www.w3.org/2007/05/addressing/metadata" xmlns:soap="http://schemas.xmlsoap.org/wsdl/soap/" xmlns:tns="http://server.task1/" xmlns:xsd="http://www.w3.org/2001/XMLSchema" xmlns="http://schemas.xmlsoap.org/wsdl/" targetNamespace="http://server.task1/" name="serverblock">
<types>
<xsd:schema>
<xsd:import namespace="http://server.task1/" schemaLocation="http://localhost:9090/Project3Task1Server/serverblock?xsd=1"/>
</xsd:schema>
</types>
<message name="isChainValid">
<part name="parameters" element="tns:isChainValid"/>
</message>
<message name="isChainValidResponse">
<part name="parameters" element="tns:isChainValidResponse"/>
</message>
<message name="viewChain">
<part name="parameters" element="tns:viewChain"/>
</message>
<message name="viewChainResponse">
<part name="parameters" element="tns:viewChainResponse"/>
</message>
<message name="hello">
<part name="parameters" element="tns:hello"/>
</message>
<message name="helloResponse">
<part name="parameters" element="tns:helloResponse"/>
</message>
<message name="addBlock">
<part name="parameters" element="tns:addBlock"/>
</message>
<message name="addBlockResponse">
<part name="parameters" element="tns:addBlockResponse"/>
</message>
<portType name="serverblock">
<operation name="isChainValid">
<input wsam:Action="http://server.task1/serverblock/isChainValidRequest" message="tns:isChainValid"/>
<output wsam:Action="http://server.task1/serverblock/isChainValidResponse" message="tns:isChainValidResponse"/>
</operation>
<operation name="viewChain">
<input wsam:Action="http://server.task1/serverblock/viewChainRequest" message="tns:viewChain"/>
<output wsam:Action="http://server.task1/serverblock/viewChainResponse" message="tns:viewChainResponse"/>
</operation>
<operation name="hello">
<input wsam:Action="http://server.task1/serverblock/helloRequest" message="tns:hello"/>
<output wsam:Action="http://server.task1/serverblock/helloResponse" message="tns:helloResponse"/>
</operation>
<operation name="addBlock">
<input wsam:Action="http://server.task1/serverblock/addBlockRequest" message="tns:addBlock"/>
<output wsam:Action="http://server.task1/serverblock/addBlockResponse" message="tns:addBlockResponse"/>
</operation>
</portType>
<binding name="serverblockPortBinding" type="tns:serverblock">
<soap:binding transport="http://schemas.xmlsoap.org/soap/http" style="document"/>
<operation name="isChainValid">
<soap:operation soapAction=""/>
<input>
<soap:body use="literal"/>
</input>
<output>
<soap:body use="literal"/>
</output>
</operation>
<operation name="viewChain">
<soap:operation soapAction=""/>
<input>
<soap:body use="literal"/>
</input>
<output>
<soap:body use="literal"/>
</output>
</operation>
<operation name="hello">
<soap:operation soapAction=""/>
<input>
<soap:body use="literal"/>
</input>
<output>
<soap:body use="literal"/>
</output>
</operation>
<operation name="addBlock">
<soap:operation soapAction=""/>
<input>
<soap:body use="literal"/>
</input>
<output>
<soap:body use="literal"/>
</output>
</operation>
</binding>
<service name="serverblock">
<port name="serverblockPort" binding="tns:serverblockPortBinding">
<soap:address location="http://localhost:9090/Project3Task1Server/serverblock"/>
</port>
</service>
</definitions>